url,palavras,rasa,h1,h2,imgs,imgs_sem_alt,links_internos,cta,title,meta_description
https://artsconstrutora.com.br/,1004,nao,1,7,5,0,16,sim,"Art's Construtora — Pintura Predial, Alpinismo e Manutenção em Porto Alegre","Especialistas em pintura predial, reforma de fachadas, alpinismo predial, impermeabilização e manutenção de condomínios em Porto Alegre, Canoas e Região Metropolitana RS."
https://artsconstrutora.com.br/empresa,575,nao,1,5,4,0,16,sim,Empresa — Quem Somos | Art's Construtora,"Conheça a Art's Construtora: experiência em manutenção predial, alpinismo, pintura e impermeabilização em Porto Alegre e Região Metropolitana RS."
https://artsconstrutora.com.br/projetos,330,nao,1,10,12,0,16,sim,Projetos — Portfólio de Obras | Art's Construtora,"Portfólio de obras da Art's Construtora no Rio Grande do Sul e Santa Catarina — construção civil, reformas prediais, pintura, impermeabilização, alpinismo industrial e acabamentos premium."
https://artsconstrutora.com.br/areas-atendidas,283,nao,1,7,3,0,16,sim,"Áreas Atendidas — Porto Alegre, Serra Gaúcha, Litoral e SC | Art's Construtora","A Art's Construtora atende Grande Porto Alegre, Gramado, Canela, Litoral Norte RS (Xangri-Lá, Capão da Canoa, Torres) e Santa Catarina (Balneário Camboriú, Florianópolis, Itapema, Porto Belo e Bombinhas)."
https://artsconstrutora.com.br/blog,314,nao,1,6,9,0,16,sim,Blog — Dicas Técnicas em Manutenção Predial | Art's Construtora,"Artigos técnicos sobre pintura predial, alpinismo, impermeabilização e manutenção de condomínios em Porto Alegre e RS — produzidos por engenheiros para síndicos e gestores."
https://artsconstrutora.com.br/contato,111,sim,1,1,3,0,16,sim,Contato — Fale com Nossa Equipe | Art's Construtora,"Entre em contato com a Art's Construtora para orçamento de pintura predial, alpinismo, impermeabilização e manutenção em Porto Alegre, Canoas e RS."
https://artsconstrutora.com.br/servicos,287,nao,1,10,3,0,16,sim,Serviços Especializados | Art's Construtora,"Pintura predial, alpinismo, impermeabilização, reforma de fachadas, lavagem e instalação de revestimentos em Porto Alegre, Canoas e Região Metropolitana RS."
https://artsconstrutora.com.br/servicos/construcao-civil-reformas,341,nao,1,4,3,0,16,sim,Construção Civil e Reformas | Art's Construtora,"Construção civil, ampliações e reformas prediais no Rio Grande do Sul e Santa Catarina — Art's Construtora. Obras estruturais com equipe própria e ART."
https://artsconstrutora.com.br/servicos/reformas-prediais-fachadas,318,nao,1,4,3,0,16,sim,Reformas Prediais e Fachadas | Art's Construtora,"Reformas prediais, recuperação e fachadas no Rio Grande do Sul e Santa Catarina — Art's Construtora. Tratamento de patologias, sistemas elastoméricos e alpinismo."
https://artsconstrutora.com.br/servicos/pintura-predial,363,nao,1,4,3,0,16,sim,Pintura Predial | Art's Construtora,"Pintura predial de alto desempenho no Rio Grande do Sul e Santa Catarina — Art's Construtora. Sistema elastomérico, impermeabilização, equipe IRATA e ART."
https://artsconstrutora.com.br/servicos/impermeabilizacao,292,nao,1,4,3,0,16,sim,Impermeabilização | Art's Construtora,"Impermeabilização técnica de estruturas no Rio Grande do Sul e Santa Catarina — Art's Construtora. Lajes, coberturas e fachadas com garantia de 5 anos e ART."
https://artsconstrutora.com.br/servicos/reformas-corporativas,323,nao,1,4,3,0,16,sim,Reformas Corporativas | Art's Construtora,"Reformas corporativas e adequações no Rio Grande do Sul e Santa Catarina — Art's Construtora. Ambientes corporativos, comerciais e institucionais com qualidade superior."
https://artsconstrutora.com.br/servicos/reformas-construcoes-industriais,318,nao,1,4,3,0,16,sim,Reformas e Construções Industriais | Art's Construtora,"Reformas e construções industriais no Rio Grande do Sul e Santa Catarina — Art's Construtora. Galpões, retrofit e ampliações com gestão completa e ART."
https://artsconstrutora.com.br/servicos/alpinismo-industrial,307,nao,1,4,3,0,16,sim,Alpinismo Industrial | Art's Construtora,Alpinismo industrial e predial certificado IRATA no Rio Grande do Sul e Santa Catarina — Art's Construtora. Acesso por cordas para fachadas e estruturas de difícil acesso.
https://artsconstrutora.com.br/servicos/manutencao-condominios,286,nao,1,4,3,0,16,sim,Manutenção de Condomínios | Art's Construtora,Manutenção de condomínios no Rio Grande do Sul e Santa Catarina — Art's Construtora. Contratos preventivos completos com equipe técnica dedicada e engenheiro responsável.
https://artsconstrutora.com.br/servicos/porcelanatos-granitos-acabamentos,350,nao,1,4,3,0,16,sim,"Porcelanatos, Granitos e Acabamentos Premium | Art's Construtora","Porcelanatos, granitos e acabamentos premium no Rio Grande do Sul e Santa Catarina — Art's Construtora. Bancadas, lavabos, escadas e fachadas com qualidade superior."
